Date,Open,High,Low,Close,Volume,Market Cap
21-11-2022,0.3619459247643157,0.3671962861267111,0.34779673834077,0.36479870432744244,2153323835.16,18348913563.43
20-11-2022,0.38469684430726897,0.39358512337779133,0.3610415907532246,0.36194479243671274,1156162575.75,18205365403.91
19-11-2022,0.38305584466861886,0.3874438567325753,0.3769062815273139,0.38469911472053414,571403780,19349879043.42
18-11-2022,0.38254342525926,0.3863759524083067,0.3760232189221848,0.38306328099356407,945178986.62,19267598675.36
17-11-2022,0.37629035860541404,0.3847864444692947,0.37040616080840844,0.3825443044075397,1326199203.85,19216121054.53
16-11-2022,0.38853243110375557,0.3902607077352053,0.36485640324919927,0.37630116366252736,1315104592.47,18902513069.95
15-11-2022,0.376340356559597,0.3959374428980575,0.3684724664345325,0.38852111502982906,1966568663.98,19516350636.08
14-11-2022,0.34032993971736086,0.3778986432722053,0.32395901593831067,0.37640554529907616,2400878272.47,18907756410.76
13-11-2022,0.3636717224952791,0.3687590526138546,0.33533737393941165,0.34029643078067384,1064115310.68,17088087647.8
12-11-2022,0.3841801787525726,0.3841801787525726,0.3614149199282457,0.363676947372109,931936263.39,18262147322.32
11-11-2022,0.395649427817263,0.3976830408904291,0.36929163886734145,0.3841587752966175,1720205430.34,19290648473.39
10-11-2022,0.3331528509090264,0.4004509630679518,0.331218604364016,0.3957051034720227,3104223968.29,19870450816.36
09-11-2022,0.40625314574423516,0.4098580705287254,0.3258146226155397,0.3331805200705604,3642933610,16730760050.71
08-11-2022,0.46582539423584096,0.4666292224665953,0.36206024158326855,0.4062415543733679,3984776862.8,20399541868.2
07-11-2022,0.47068358195579013,0.4791703754922626,0.46216025432710706,0.46585652528125315,1592938582.66,23393125567.14
06-11-2022,0.4933250470528292,0.4942963835131364,0.47047933386022045,0.4706698962989093,940815147.6,23634830440.87
05-11-2022,0.504432637386259,0.5071026347301851,0.4921044498309257,0.4933295516113518,1216193223.11,24772691849.4
04-11-2022,0.45514137270414795,0.5051113947829154,0.4539974519175658,0.5044042923582708,2774226120.34,25328813287.78
03-11-2022,0.45088473610049556,0.45936247334143526,0.45009822554338674,0.45513537592621595,1086924484.89,22795640615.73
02-11-2022,0.46452545891964925,0.4652999809798745,0.4478241888409144,0.4508741931651227,1381853436.36,22582217542.17
01-11-2022,0.4658210157219618,0.4664012259998295,0.45527600853845573,0.4645770952981529,1273429762.62,23268532974.76
31-10-2022,0.45840073177176166,0.466113503182699,0.4495232546959524,0.4659147317274834,1462007946.75,23335529039.95
30-10-2022,0.4704073826389083,0.4725095780155296,0.4556422988958055,0.45845500406471,964813817.23,22961905542.67
29-10-2022,0.47398410103636784,0.48166555105975145,0.4676969656682356,0.4704161350294238,1404785407.37,23560983657.12
28-10-2022,0.4624273737218989,0.4746740409773578,0.45778495994014534,0.47398113295897726,1201992237.11,23739538029.94
27-10-2022,0.4693945933306549,0.4804563577728229,0.46097681060592216,0.4624065186214169,1694861068.57,23159818758.13
26-10-2022,0.4614663539018822,0.4702507607472086,0.458091601485819,0.469375767626823,1440473975.97,23508876432.16
25-10-2022,0.4538067426186708,0.4710137393787731,0.4453836684426182,0.4615444426454695,1605966217.71,23025074861.12
24-10-2022,0.46903710786074765,0.4709824465428053,0.44969126801150333,0.4538205498499369,1293537736.9,22639752899.89
23-10-2022,0.4654899482118339,0.47100552681490715,0.4534377068669305,0.4690333861144018,950974304.98,23398675901.61
22-10-2022,0.4610865814464122,0.4700602540120682,0.4572871982938386,0.46547043941292826,884856881.71,23220931123.54
21-10-2022,0.4480039121926002,0.46109802751532664,0.4378061499347366,0.46109802751532664,1644912254.53,23002804542.51
20-10-2022,0.45122286343540363,0.463785759730351,0.4344262790913582,0.4480843481172539,1712992942.67,22353590913.94
19-10-2022,0.4659877403095364,0.4663913413529576,0.45007974077488705,0.4512269890295255,1434466929.2,22510367890.5
18-10-2022,0.47991776696601784,0.48335387847499944,0.4598440155952484,0.46597736717775334,1380317427.21,23246220236.91
17-10-2022,0.47701107747029486,0.4812622426682618,0.46533296353295084,0.47991791496843017,1476868337.83,23941672563.55
16-10-2022,0.48152971277470064,0.4871025020990281,0.47181300371931795,0.47700988806913097,1028960254.99,23833409894.59
15-10-2022,0.48895674583061627,0.4896702514919086,0.47998035977866915,0.481507121861036,842401177.28,24058110511.98
14-10-2022,0.480806177967671,0.5095366702378389,0.4793042928907864,0.48896581747897755,2184144921.47,24430778153.45
13-10-2022,0.48835270831256405,0.4890964908393711,0.4450237918128144,0.48081167129495983,2840221577.59,24023362891.83
12-10-2022,0.4854125557830225,0.4947351083983053,0.48375551280353035,0.48837031216713084,1375026359.76,24401024216.38
11-10-2022,0.4966607908266544,0.5008912379074031,0.48090979451392574,0.4853974074233573,2303743072.79,24252485456.26
10-10-2022,0.5340287496779325,0.5373193981073017,0.49701382083137846,0.49701382083137846,2359086772.41,24780401211.86
09-10-2022,0.5171489683380924,0.5414160898974388,0.5081666218650646,0.5340606258952033,1789206998.45,26627502146.73
08-10-2022,0.5182248462641567,0.527901803570396,0.5143825722387121,0.5171133562454419,1771062053.05,25782535419.92
07-10-2022,0.49327699624358534,0.5216459303981382,0.4842049896371241,0.5182782015299887,2627481992.49,25840612946.72
06-10-2022,0.4896992174546192,0.504087245389287,0.4893721949482822,0.4931839594798809,1913140570.58,24589449779.73
05-10-2022,0.4801206582383841,0.4993310169436711,0.4734045268453236,0.48968340043631514,2480530356.98,24414916891.65
04-10-2022,0.4628784174077835,0.4845977531393112,0.4529673633175419,0.4801738452389456,2192220218.69,23940784013.93
03-10-2022,0.44886773094314836,0.467568174625871,0.43954835982328044,0.4628787353672765,1852548565.11,23097957383.14
02-10-2022,0.4751191539681062,0.4774340026661744,0.4481576350373722,0.448850010853232,1524148632.8,22397914680.36
01-10-2022,0.47982184207167805,0.48351742530489134,0.4696071746771513,0.47510984860461314,1544057825.33,23708298085.18
30-09-2022,0.4854345615040766,0.49598748382552815,0.47221810040591994,0.4797744499602349,3780354930.69,23941064801.58
29-09-2022,0.4505935234645277,0.5029747985202004,0.4285282641302748,0.48541703534324115,3292742359.41,24222633572.73
28-09-2022,0.4486359047025912,0.45437918968438273,0.419562591046898,0.45067154526057895,2670489294.25,22488810461.26
27-09-2022,0.46776409750448517,0.4852276719509466,0.4403100423821837,0.448776189659822,2838537510.81,22394230953.61
26-09-2022,0.49268135831878407,0.49986060637877766,0.45983659905050445,0.467677971009661,2916387563.9,23337442440.18
25-09-2022,0.4887321183790524,0.5183142425837013,0.47873372162599576,0.49262733584003726,3422191940.96,24556855663.58
24-09-2022,0.5072002026852322,0.5150153089425221,0.47401873530554295,0.4887162325623245,3512953969.13,24361892063.94
23-09-2022,0.48513688415784106,0.5522827660781888,0.458918042885608,0.5071712178653486,7798770581.7,25281849965.96
22-09-2022,0.3965384529154803,0.49122892861687484,0.3947853536615705,0.48510062839407964,4916275588.32,24181658724.79
21-09-2022,0.4151655586693515,0.42832529978831396,0.3880087713898334,0.3968277678933184,3401100359.49,19781367192.79
20-09-2022,0.38695800036587624,0.42152111614127385,0.3724898455633739,0.415182845618006,3912067531.69,20696344827.17
19-09-2022,0.35833689373753197,0.39149480229484196,0.34176241335811575,0.38707327343702536,2788638050.96,19295117861.89
18-09-2022,0.37686751129112983,0.3969413886110522,0.35811354045887733,0.35832319594349654,2485765138.05,17853819362.86
17-09-2022,0.35664743628391854,0.3788880283380281,0.3475689369327779,0.3770036212034915,1621592329.83,18784590638.59
16-09-2022,0.3263842531125852,0.35713385897098976,0.32354106588705434,0.35668762559058576,1375977236.86,17772325398.84
15-09-2022,0.3420747143464157,0.34246110174280614,0.3256003114069235,0.32633469207374216,1521572443.58,16259959472.56
14-09-2022,0.332960222021604,0.3438934188559316,0.3324255689164754,0.3420821855738679,1227835853.6,17044594426.56
13-09-2022,0.3594643311890497,0.3596428914781204,0.33204365500845034,0.33369218922579735,1443625685,16626554285.85
12-09-2022,0.3551452507614001,0.3594451606221817,0.3492691853500103,0.3594451606221817,1077587297.03,17909722399.37
11-09-2022,0.3576826232823959,0.35953390344189934,0.35176147278660946,0.3551187134710202,650515883.43,17694152749.41
10-09-2022,0.3574676929379069,0.3612471445446893,0.353008652145131,0.3576808569092385,851397393.51,17821814164.15
09-09-2022,0.34022693250383473,0.3575598329260201,0.3399987255154158,0.35751713199305984,1487790472.21,17813656402.91
08-09-2022,0.33733713542577703,0.34260325029526095,0.3293723731256979,0.3402452953206375,1065222912.94,16891985461.13
07-09-2022,0.3221581139356575,0.33844044697309655,0.31593802092931644,0.33736698049077785,1128804315.14,16749087225.87
06-09-2022,0.332968092065238,0.34262002219980736,0.3210770127898842,0.3222076652707217,1337360825.23,15996480398.32
05-09-2022,0.3317992837195269,0.333235163744205,0.3233658688419569,0.3329596897462619,761048972.89,16530280699.51
04-09-2022,0.3299592308304404,0.3325260748181534,0.32894359257079925,0.3317987307596545,431905799.58,16472643158.03
03-09-2022,0.33126398627056236,0.3325569491798649,0.3275910661093254,0.3299688343234572,473116924.98,16381795218.55
02-09-2022,0.33317302459500425,0.3349338354264975,0.3263005270549617,0.3312590733473811,899373527.78,16445851060.42
01-09-2022,0.3278670237313168,0.3331942050149745,0.32236804874859964,0.3331942050149745,875126154.45,16541923560.01
31-08-2022,0.3268865306488063,0.3336130326917972,0.3248846076754037,0.3278697654120338,882676751.92,16277583809.84
30-08-2022,0.3337794345599893,0.3354824125271699,0.3211051902095763,0.32686942835714217,948448427.96,16227920583.87
29-08-2022,0.3230550231066117,0.3337965844515842,0.31939150263472393,0.3337965844515842,980137286.76,16571829586.12
28-08-2022,0.33532943022105643,0.33716059709876733,0.3230937307598438,0.32309458707898053,596573621.1,16005208825.41
27-08-2022,0.3384333778716363,0.3402488709054752,0.33042693765171605,0.33534693637039803,920820398.98,16612156192.69
26-08-2022,0.34946391802664917,0.36956781952374557,0.3339386092249904,0.33836997825226306,1653482687.58,16761909294.55
25-08-2022,0.3461793484718464,0.35136554367844514,0.34427864948406117,0.3494966001571529,970585822.78,17313091252.5
24-08-2022,0.3470743504881416,0.3521360832094859,0.33963415500738964,0.34614498774056596,957472561.97,17147061678.57
23-08-2022,0.34473373641275107,0.3476906527384543,0.33395672111862446,0.34709182130270866,930696330.91,17193965184.52
22-08-2022,0.3452821873563804,0.3452821873563804,0.3325238626184759,0.3447211116861123,1001511240.28,17076526811.99
21-08-2022,0.3374750356358147,0.3481666453998324,0.33649898753184077,0.3453017408016666,835616993.23,17050167031.87
20-08-2022,0.33501972799597807,0.3423831035076562,0.33362191079205483,0.3375410403605658,848212363.72,16666962364.28
19-08-2022,0.37096905531468305,0.37096905531468305,0.33380604624179383,0.335049315935014,1645536381.41,16543927022.62
18-08-2022,0.37971082368107706,0.38086173335345813,0.3709152939801662,0.3709645816363562,927786269.74,18317336208.98
17-08-2022,0.3772268289981921,0.39089304277060044,0.36984242556986174,0.3797071496588737,1408497181.05,18749023129.31
16-08-2022,0.3756656458464028,0.3776290588499792,0.36804223022338795,0.37723690161515044,930440616.05,18627048239.58
15-08-2022,0.3764509251198046,0.3847810532457967,0.3679606231029984,0.37577394058153246,1046905199.25,18465237280.96
14-08-2022,0.3779985085253843,0.39093045254735204,0.37588778462382044,0.3764509324929352,754512693.32,18498504133.53
13-08-2022,0.3799738263790152,0.3860382601656644,0.37745174535832055,0.37796430271326287,590320028.42,18572869961.48
12-08-2022,0.380538267421551,0.380538267421551,0.3714826027285826,0.37999542012333964,923071429.71,18672677481.03
11-08-2022,0.381098180436394,0.3851102056111786,0.37839468957315747,0.38056255094641556,1088394567.6,18700545845.72
10-08-2022,0.3680800335278969,0.3810649791539906,0.3600722962130847,0.38106453387512146,1732723595.15,18421841323.72
09-08-2022,0.37877708337058147,0.3796664059890777,0.3629357168120775,0.3681008777875199,4098651206.11,17795137985.59
08-08-2022,0.3725146077450732,0.38414200157907813,0.37205598202919243,0.3787539300663964,1030742941.01,18310139569.97
07-08-2022,0.3715940800249368,0.37672421996167177,0.36930968921736,0.37250603186416575,509151828.92,18008096794.91
06-08-2022,0.3766049957447208,0.37706080371837863,0.3715708579201275,0.3715708579201275,498759511.49,17962887586.29
05-08-2022,0.3712778544482004,0.3778985597047508,0.36803613327744267,0.3765952193676448,986100302.42,18205780800.2
04-08-2022,0.3698616383474389,0.3745906758160935,0.3653903390049956,0.37135143505703305,916895439.21,17952280004.62
03-08-2022,0.37203924241499076,0.3768303708035872,0.3645413267163146,0.3698515075335429,1105707649.21,17879768856.56
02-08-2022,0.3799112430090702,0.3914798822961061,0.36833570221561407,0.37202056103899245,1232425419.13,17984627629.68
01-08-2022,0.3803517300765245,0.3853959679858918,0.37227473729547655,0.3799759810721538,1059391027.71,18369217305.41
31-07-2022,0.3877751100352612,0.39787527604931355,0.3802232090409842,0.38045829586933494,1359568595.8,18392533898.45
30-07-2022,0.368668421483287,0.40793871866902837,0.36485969092300524,0.38776366175654203,1767280595.46,18745697940.82
29-07-2022,0.3733866895742964,0.37909609910624165,0.3608156803217373,0.3686750182450338,1706911237.22,17822893715.83
28-07-2022,0.35914342229965035,0.37773848718543696,0.3515276802875883,0.37337567359354495,1839928651.4,18050137973.04
27-07-2022,0.33782567000429925,0.35912965583213746,0.33116842740325086,0.3591179144746598,1314040220.03,17360873681.11
26-07-2022,0.3373053436161792,0.3378159661253568,0.3264263402365487,0.3378159661253568,1110467649.88,16331071436.37
25-07-2022,0.3592269146885782,0.3601839373927438,0.33731254205134237,0.3373153314793513,1207904872.18,16306869205.01
24-07-2022,0.3595334911602153,0.36656239968218884,0.35708728288527053,0.35926013931452827,912894826.94,17367749270.94
23-07-2022,0.3585219534350945,0.3626187013549775,0.3508484711147404,0.359540964744937,863843425.54,17381325243.14
22-07-2022,0.3670332299278272,0.37083783738178444,0.3554861245041626,0.3586036252198117,1150022759.78,17336011343.62
21-07-2022,0.36066159452856655,0.36795570379930487,0.34972569407049575,0.36703585814801437,1202692151.05,17743651633.38
20-07-2022,0.3732569970113353,0.38105999383325867,0.35873642703238323,0.3604842400182038,1534818246.81,17426926095.13
19-07-2022,0.36602516337066454,0.3759887729076873,0.35291601207300466,0.373225436848159,1604201236.97,18042875062.85
18-07-2022,0.343424126813208,0.3688342854211271,0.343424126813208,0.36617697326758314,1627385386.49,17702130474.69
17-07-2022,0.3508517061065839,0.35991889964479634,0.34338655471850227,0.3434118377071582,1093079293.54,16601593222.53
16-07-2022,0.33449320939936733,0.3552995336108721,0.3321957622602501,0.35086138598984434,1292123514.94,16961727489.03
15-07-2022,0.33321373474013266,0.34621027699274015,0.3282317136156852,0.3345352569337263,1512184333.15,16172471779.92
14-07-2022,0.32375011876994914,0.3332208134255233,0.313360666764531,0.3332208134255233,3386821229.39,16108927504.38
13-07-2022,0.31165892166751363,0.3250757492274257,0.304330141645559,0.3237303304481328,1295979555.29,15650128125.4
12-07-2022,0.3142961117765632,0.3176006228055388,0.30908430428023614,0.3116589186200856,968873597.68,15066558641.8
11-07-2022,0.3256586031493474,0.3285634063658342,0.31230614653402444,0.3142965579557761,1042057085.48,15194070307.13
10-07-2022,0.3449302453424206,0.3449302453424206,0.32213131999787536,0.32566262205224183,913229467.01,15743541093.96
09-07-2022,0.34159852070758684,0.34704705033694655,0.3402989143462565,0.344952412569788,602546961.28,16676069389.02
08-07-2022,0.34216709963329867,0.3565086145485904,0.33706285327105984,0.3416284252800661,1469173607.97,16515377535.09
07-07-2022,0.3322632085748952,0.3435205260445133,0.32733753181304903,0.3421513211837799,1037133138.67,16540655944.68
06-07-2022,0.3254604388937889,0.33302454834018613,0.3206449001058214,0.3322715282408503,1099742036.73,16063036114.63
05-07-2022,0.3287028209704552,0.3301563180219381,0.3143463326290642,0.32542260857127137,1130550265.79,15731938097.96
04-07-2022,0.32168841292491823,0.32910016069137066,0.3155726917649663,0.32878972318754135,1018446188.74,15894714860.59
03-07-2022,0.31557348342989566,0.325246575655253,0.31021372815623505,0.32170310469201513,728566418.39,15552125745.52
02-07-2022,0.31372427555193944,0.3170140578754522,0.31052203874451534,0.3155794780929763,608601610.49,15256090645.15
01-07-2022,0.3316452612704142,0.33307845463124924,0.3114503458723939,0.31367657056371956,1249145615.03,15164098193.89
30-06-2022,0.32900195096196744,0.33145818564779406,0.3076678819723988,0.33144778190653695,1456445785.38,16023213662.23
29-06-2022,0.33737166646121564,0.3411029817862893,0.3234245435939796,0.3289778648153484,1094664825.4,15903810210.35
28-06-2022,0.3532345451126196,0.3552673206149955,0.3369147484744174,0.33732939473451157,1038924972.28,16307549066.38
27-06-2022,0.3588627865053846,0.36599172023013476,0.3509728618883658,0.3532348426818589,989571906.41,17076467746.08
26-06-2022,0.36753314966566963,0.3737317640196527,0.35881805642745096,0.3588639056045546,789514304.34,17348594104.6
25-06-2022,0.3676233072437729,0.3722816937488083,0.3556787696611427,0.3675559807734468,912142249.35,17768795974.1
24-06-2022,0.33550878959211294,0.38465851559815434,0.3354910975213469,0.36758653358598853,2253100828.48,17770272991.81
23-06-2022,0.32259134743196116,0.33607633747574006,0.32218275721787704,0.335531344905458,927324605.28,16220625761.54
22-06-2022,0.32872859758238526,0.3290599260772319,0.3195983558947873,0.32258487554183796,1064144662.35,15594753282.95
21-06-2022,0.3232839502553133,0.33606277344852903,0.320151624474535,0.32862603222670883,1247582002.14,15886801531.91
20-06-2022,0.32602029374786107,0.32804712684262144,0.3142412822321961,0.32334625292936564,1187888832.53,15631560627.04
19-06-2022,0.30803292443508146,0.33047654433304885,0.29894706479126887,0.32605319652891335,1159418571.89,15762422675.41
18-06-2022,0.321331238252605,0.3257135265376584,0.2905793750851567,0.3080896226253856,1403189628.44,14894007804.33
17-06-2022,0.31214530032390353,0.3385384201797093,0.3112201699940353,0.32138119875502796,1381554091.03,15536563814.23
16-06-2022,0.34368352016037973,0.34537276045095533,0.3084171621259983,0.3120556357222815,1477710113.59,15085737176.82
15-06-2022,0.32209896743401367,0.3448308384397057,0.30071108510074107,0.34370303724456613,2242860490.18,16615670711.24
14-06-2022,0.3108213810172932,0.3235240547830771,0.29516625108980754,0.32214267857531986,1977069963.96,15573376110.24
13-06-2022,0.34540910193701563,0.34887706487654335,0.30385271604484304,0.31080217790882897,2558939153.66,15025141138.9
12-06-2022,0.35909081919109875,0.3646952415464684,0.3416087298117671,0.345490350915545,1370072145.43,16702074996.9
11-06-2022,0.3817643640895207,0.3880563952983221,0.35862587189335493,0.35902544177119045,1111401063.65,17356403263.85
10-06-2022,0.4003160802174593,0.4099155123646362,0.3808805287471603,0.3817358045886292,1424539679.48,18454292631.75
09-06-2022,0.40065765071771353,0.4036073595329914,0.3976198443902795,0.400324007987139,911815336.07,19352904029.72
08-06-2022,0.4076909044246038,0.40989314690987433,0.396147990338688,0.40064793753407196,1183206226.31,19368563788.58
07-06-2022,0.4030086521939821,0.41647657166445445,0.38578159314457733,0.4077023833384346,1666703797.68,19709597575.99
06-06-2022,0.39540169746274123,0.4084859018952693,0.39487622480294976,0.4030108579750957,1221803579.66,19482794690.58
05-06-2022,0.39232412383434273,0.3993369711669992,0.39026685389181254,0.3953797722505657,726398938.11,19113884341.16
04-06-2022,0.39078059516432173,0.39346330532896406,0.3862857832987936,0.39230873022603685,696569397.02,18965420645.79
03-06-2022,0.40531475863500316,0.4094395546365997,0.38549959498252123,0.39076602944103467,1284592601.83,18890841705.62
02-06-2022,0.39807935861745375,0.4066638204857601,0.3925532028073461,0.4053016802387985,1298797540.73,19593540143.1
01-06-2022,0.4218885583038591,0.42511843782083825,0.39261704022626054,0.39808543630765697,1569696039.51,19244684532.48
31-05-2022,0.41812619222826547,0.4296760516862169,0.4088989437134435,0.42186663356162796,1738462197.77,20394341357.91
30-05-2022,0.38901945818551265,0.4187017388066726,0.3876362365320104,0.4181753290666932,1404448305.32,20215892251.16
29-05-2022,0.3863307169858439,0.38949565472907677,0.3807616524987248,0.389016442511037,752879866.67,18806261247.61
28-05-2022,0.38658733209526286,0.38811474534852264,0.38171630673358403,0.386323161650137,865258883.33,18676059698.4
27-05-2022,0.3930759875221602,0.4012800353446598,0.37816625834638684,0.381787246247608,1927217637.81,18456779481.08
26-05-2022,0.40579871378115145,0.41011886879771414,0.3807233614619936,0.39316999246438505,2091610974.11,19007056733.33
25-05-2022,0.4087001760018018,0.4129664877028551,0.3967598987500801,0.40578509894702147,1587278447.73,19616910102.64
24-05-2022,0.40468105704074664,0.41328905823503165,0.3936463724038869,0.408712527433493,1394251522.14,19758431074.2
23-05-2022,0.42225951292789243,0.4278350325089814,0.4043583806157293,0.40467085845953493,1399019792.2,19563044261.99
22-05-2022,0.414691143848318,0.42433663436211744,0.41109112357319794,0.42233733639891685,896133087.15,20417096592.81
21-05-2022,0.411127960805514,0.41725599587773443,0.4053645031860026,0.4146733987659754,875738314.85,20046598080.25
20-05-2022,0.41992696460462353,0.43750605252721997,0.40317797425601437,0.41113706084510104,1721877558.52,19875640538.28
19-05-2022,0.4060619720143269,0.4223631451518896,0.39748732940814013,0.41997642858442474,1557252120.68,20302962987.42
18-05-2022,0.4376361170424177,0.441267332514732,0.4061658943930098,0.4061658943930098,1599734223.28,19635318935.42
17-05-2022,0.42245735222780395,0.43909221710874424,0.4211524460017167,0.43762341229167356,1598581918.65,21156072906.6
16-05-2022,0.44740716178870965,0.4475690692471756,0.41208576402489794,0.4224990781749313,1839092426.98,20424915691.85
15-05-2022,0.42768675099129255,0.4476127450022413,0.4166193212461862,0.447371175678606,1427697924.13,21627310018.46
14-05-2022,0.42341888207528444,0.4395040799995689,0.39865779273363067,0.42777406105265914,2021953522.41,20679924722.93
13-05-2022,0.3851784038663123,0.4623358826185683,0.38273307461120665,0.42341746546976994,2949331810.31,20469313381.79
12-05-2022,0.41339884751438843,0.4264827586076071,0.34495405002642104,0.38520551650161067,4641055356.79,18622029265.89
11-05-2022,0.5135434643655599,0.5216229614622647,0.38242578094268537,0.4133761476734661,5290247987.05,19983884939.41
10-05-2022,0.49244019703338954,0.5352992338327472,0.4781095361623338,0.513625519713045,3455777036.11,24830250476.85
09-05-2022,0.5665190266363499,0.5759943209658243,0.480721823852203,0.49294028256372396,3297478002.29,23830261964.06
08-05-2022,0.5823985939491462,0.5826335902253118,0.5627572568947918,0.5665270376481853,1505054300.34,27387673911.87
07-05-2022,0.6025610895452694,0.6038400378853725,0.5739281289041548,0.5823465482278881,1250412024.66,28152438112.71
06-05-2022,0.5988319004193036,0.613482036181018,0.5916121334242148,0.6025700517500772,2003273388.81,29130104990.04
05-05-2022,0.6464627145240798,0.6550369420433809,0.5848117556917027,0.5988855529935311,2183469244.45,28951984893.79
04-05-2022,0.6048043265391796,0.6478451919933644,0.604744265034086,0.6464736535583492,1959359437.51,31252541255.17
03-05-2022,0.614217957942642,0.6250831002327534,0.5981859454619439,0.6048491549234163,1460418465.71,29130203226.36
02-05-2022,0.6078193716897123,0.6293098335436054,0.6017895016769869,0.614268787491626,1687184077.01,29549544282.7
01-05-2022,0.5870855642316054,0.6102324432492012,0.5810498034795926,0.6078443416367043,1657999134.75,29240494806.07
30-04-2022,0.6114048241432196,0.6271423914538728,0.5815758555531114,0.5870912339562692,1649221930.1,28242161687.26
29-04-2022,0.6442844939306628,0.6456102747233373,0.6039035534613924,0.6114066223623632,1962197661.57,29411859156.98
28-04-2022,0.6523128329226768,0.6553437448409408,0.636268033265919,0.6443634059172301,1546067105.65,30997252969.75
27-04-2022,0.6417944909257027,0.6613771212125716,0.6403802329734787,0.652318207737083,1722422061.58,31379920579.48
26-04-2022,0.6943344809827049,0.7040962522525461,0.6344167620532176,0.6416991794393285,2160649426.52,30869089729.34
25-04-2022,0.6987566401409182,0.6989403902988739,0.648241627810327,0.6944259602670686,2377291271.43,33405523903.89
24-04-2022,0.7074867025643361,0.7118298210779416,0.6980250031675579,0.6987392351087464,1108217931.57,33613015003.12
23-04-2022,0.7191442719842578,0.7246694419219445,0.7073601606782943,0.707705256586319,1332520640.68,34044327571.96
22-04-2022,0.733160140105266,0.7381615736338091,0.7164612948007184,0.7191943603873509,1881203797.86,34597013608.51
21-04-2022,0.7521774340298554,0.7647621298462483,0.7250256887774442,0.733178059307177,1990297102.82,35269702729.11
20-04-2022,0.7750548101152985,0.7750548101152985,0.7443761722680877,0.7521784685871662,1798898556.57,36183721879.75
19-04-2022,0.7680421980409418,0.7801912717923499,0.7599607857099031,0.7750625973098187,1834225828.23,37284568266.27
18-04-2022,0.7531869036170633,0.7681939228363005,0.7323602078343314,0.7680167734784201,2134418883.31,36968648413.79
17-04-2022,0.781792396537245,0.7844079706828205,0.7505531729249056,0.75315372427643,1350930296.9,36253212424.26
16-04-2022,0.7856534269718516,0.7971288740294383,0.769219298517276,0.7818412900093643,1526957903.74,37634094415.45
15-04-2022,0.7267961934733781,0.7936798170893921,0.7266166521734732,0.7856746802670385,2897060464,37818615459.21
14-04-2022,0.7237379907080067,0.7401552953710863,0.7105864529786268,0.7268191260240338,1716488199.93,34985591016.07
13-04-2022,0.7165117729502013,0.7247590364349736,0.7039976586730934,0.7238498372263279,1678860043.88,34842663677.25
12-04-2022,0.6951693418300102,0.7215924512437564,0.6942752703482699,0.7166135012811325,1990027591.77,34494341129.36
11-04-2022,0.7564220765930513,0.7564220765930513,0.6857375938624192,0.695022582279695,2367700412.75,33455057716.47
10-04-2022,0.7636037388028978,0.772466482410295,0.7551811484476173,0.7566138356350747,1046936968.31,36419765609.96
09-04-2022,0.7540405288573846,0.7660618963061449,0.7540405288573846,0.7635846826563598,1008306245.36,36755308792.83
08-04-2022,0.7879965597717483,0.7929847272213488,0.7508931102802177,0.75405645465633,1684019539.36,36296665540.36
07-04-2022,0.761361075693168,0.7894839528133237,0.7581135726976219,0.7879998386422303,1628783831.44,37930537445.09
06-04-2022,0.8176269837677523,0.8184054221284923,0.7612851077235475,0.7613137713407602,2527126539.97,36645998000.54
05-04-2022,0.8272272411985763,0.833287097405421,0.8171103379228357,0.8176419440253669,1548706717.82,39357366402.48
04-04-2022,0.8429234629668109,0.8429515859351722,0.8108895490405361,0.8272507999910573,1876069127.18,39819890698.98
03-04-2022,0.8248906096042109,0.8501543029822045,0.8172653966951361,0.8429501598686454,1348476817.45,40575582678.21
02-04-2022,0.8277351439414455,0.8486001657167567,0.8248279637250108,0.8249191849713483,1624227101.21,39707657921.16
01-04-2022,0.814709085825951,0.8336783882862462,0.8102558369159284,0.8277402056874124,2091887103.37,39843448344.78
31-03-2022,0.8608799806724232,0.87086600805362,0.8038807118668982,0.8145644882394651,2611691934.45,39198153818.12
30-03-2022,0.8579417282232603,0.8712789320384889,0.8494245323545643,0.8608144367779388,1832671640.74,41423775758.52
29-03-2022,0.8630889994137481,0.88444094532052,0.8488605524126006,0.8579997917175574,2120020042.17,41288330509.41
28-03-2022,0.8574084206710081,0.9080861916598606,0.8552106989754572,0.8633043011743944,3205464277.25,41543592039.5
27-03-2022,0.8328145673012808,0.857375939038891,0.830339006772688,0.8573425795510182,1505124769.96,41256704402.5
26-03-2022,0.8251532797895204,0.8343068062313207,0.8223248980617978,0.8327721127871325,1056420319.87,40074334007.64
25-03-2022,0.8429677343720862,0.8440850375139003,0.8228744978504082,0.825127220717602,1600059783.9,39706449500.54
24-03-2022,0.8378573379192148,0.8493276532185613,0.8296271176355021,0.8429684348815302,2278978187.46,40564997432.83
23-03-2022,0.8371335352900691,0.8441458371384503,0.8205725249717691,0.8378870668544744,2076377568.65,40320473827.39
22-03-2022,0.8380351199863507,0.8629261927514871,0.8299877954078058,0.8370970482664516,2370573275.78,40282456861.78
21-03-2022,0.8059627632011033,0.8511257246489475,0.7921599627003808,0.8381522328831392,2485293313.57,40333234043.34
20-03-2022,0.8193790460627228,0.8208136990979316,0.7982486401514454,0.8061206833537192,1529598149.17,38791824340.84
19-03-2022,0.7981267870782569,0.8252330430405578,0.79360866528837,0.8193732746417184,2046393369.95,39429560357.2
18-03-2022,0.7934507915161123,0.7991120373038679,0.7793505758406352,0.7982658659144344,1850743123.53,38413837887.17
17-03-2022,0.7934358567359513,0.8005680211834897,0.784438842523845,0.7935027985740446,1862028805.43,38184631422.91
16-03-2022,0.7667473757835948,0.7936145918136475,0.7592191732374519,0.7935383355765246,2480411473.14,38126427532.13
15-03-2022,0.7746373085956011,0.7758106651304947,0.7456350183504403,0.7667825180114725,1830181545.08,36840914666.88
14-03-2022,0.7613759698582896,0.775934547949081,0.752573896396734,0.7746557265744564,2212291021.64,37219191685.47
13-03-2022,0.7865376000277492,0.8036324440287508,0.7584082559587417,0.7613513698495454,2141326402.06,36579969142.85
12-03-2022,0.8022294602288614,0.8459624401411692,0.7820587751106289,0.786587255660453,3730330472.25,37792455204.89
11-03-2022,0.7375057894256797,0.8083325326908711,0.7276234226433158,0.8021553714291466,3478317257.36,38540442556.04
10-03-2022,0.7670268443375291,0.7754999133404503,0.726568407116413,0.7374654535074668,2418938595.44,35357243522.18
09-03-2022,0.721005963967619,0.7698893332004855,0.721005963967619,0.7672360915657771,2408572081.91,36784575059.72
08-03-2022,0.7232308363101128,0.7292872469409868,0.7159386709943968,0.7209774642419456,1907305640.04,34566738897.35
07-03-2022,0.7260110175267238,0.7516680273021649,0.709957677268509,0.7232867105944822,2920222453.46,34677454030.17
06-03-2022,0.754923390184515,0.7583844849243649,0.7257636986389272,0.7259940252618425,1862292223.91,34810891621.79
05-03-2022,0.7127899120296147,0.766084727208201,0.7074792667741588,0.7549002828344562,2297850918.83,36196925892.79
04-03-2022,0.7522955832387689,0.7530524769912624,0.7056107249330975,0.7126722668215593,2359803521.18,34172122881.09
03-03-2022,0.7685323427681594,0.783925270259972,0.7389195310337542,0.7521845717601939,2213014778.97,36066709499
02-03-2022,0.7848759012497777,0.7848913574723128,0.7595976593716003,0.768495525605145,2401047273.43,36848808010.54
01-03-2022,0.7820701918048202,0.8006347546167113,0.7612335307046667,0.7848618381610324,2877778057.28,37633560932.48
28-02-2022,0.7219307451045744,0.7883224259145503,0.7131880135937235,0.782043800553659,3053923290.93,37498438054.98
27-02-2022,0.750965954314652,0.7648734890893565,0.7108729985862612,0.7219924971566283,2733141781.58,34619021225.69
26-02-2022,0.7686452674054116,0.7881868444190394,0.7436460603834923,0.7509734664500124,3051695700.9,36008637870
25-02-2022,0.6962579307550214,0.7689028323586095,0.6857942334581146,0.7689028323586095,3460713329.73,36868338076.57
24-02-2022,0.6985802831843683,0.7128914957419686,0.6270944131956654,0.6962720961466646,5146799149.56,33385746486.69
23-02-2022,0.7228520831666679,0.7389234728890542,0.6962795972519686,0.6987462122209066,2690184819.7,33504378573.9
22-02-2022,0.703332871369184,0.7251909498240393,0.6787865018278302,0.7228332236344341,3539593095.85,34659333455.94
21-02-2022,0.7781600062964261,0.7997497984526228,0.7019885042882016,0.7034656611986906,3580522306.41,33730672759.75
20-02-2022,0.8225378951252112,0.8226717164681323,0.7699850671139835,0.7782958008390244,3041836889.08,37318724162.96
19-02-2022,0.7858648846948734,0.8498158552286177,0.7736495654033486,0.8225284396559989,3325442943.27,39439647397.07
18-02-2022,0.767285872998878,0.8039049920744726,0.7603302266638277,0.7858901501523547,2913093055.99,37682867753.25
17-02-2022,0.8387141634927026,0.8441331376624984,0.7582231553537128,0.7671734163831289,2798023718.61,36785413823.76
16-02-2022,0.8523770618332898,0.8523770618332898,0.8131393601748788,0.8390364135874211,2165008058.32,40180105121.68
15-02-2022,0.8022463863481049,0.8558574643473721,0.7982959879884708,0.8523328629340672,2249706300.28,40816850707.26
14-02-2022,0.8098727174111698,0.8104737881605635,0.7825507915413602,0.8022178113479096,2401300497.05,38372052718.71
13-02-2022,0.8222333020304279,0.8443001582354972,0.7962771121487132,0.8102729183851493,2504198746.58,38757348317.38
12-02-2022,0.7602496997245921,0.8488378923499101,0.7530236525009172,0.8224083790519497,3457258389.22,39337817274.67
11-02-2022,0.8299411055190062,0.8299411055190062,0.7543312195610151,0.7602258199156059,3346204747.84,36363472397.74
10-02-2022,0.8708756365694895,0.8946146075388461,0.829906975465231,0.8300101404002082,3535002566.23,39701428233.05
09-02-2022,0.8775149755502539,0.9090669437494556,0.8474012928935656,0.8706268193368648,3760269362.09,41644223971.77
08-02-2022,0.8283767771595594,0.9111370651397811,0.8061609769084095,0.8781938323671739,6159382645.38,42006172832.56
07-02-2022,0.6835920635041834,0.8341554247066292,0.6744024110853017,0.8278186587521993,4197403036.5,39596604271.1
06-02-2022,0.6671265445984295,0.6851932735259445,0.6623471967360167,0.6836473583815177,1095140341.04,32700536071.05
05-02-2022,0.6558309285117385,0.6836820208456481,0.652268143368691,0.6671265223456205,1760389770.65,31910303814.48
04-02-2022,0.6076196474026964,0.6564962791999033,0.6051689982175451,0.6558773924616926,1543180484.35,31372230240.4
03-02-2022,0.6014147656383583,0.6076837249338825,0.5923485004842393,0.6076837249338825,1042290344.97,29067008485.25
02-02-2022,0.6292399818592249,0.6306948576822944,0.5991375389457564,0.6014832116573262,1182736030.21,28712954960.78
01-02-2022,0.6190061463431678,0.6303170054732958,0.6130498964973788,0.6292333774671734,1183031071.93,30037662360.1
31-01-2022,0.6030625347666009,0.6223144571875194,0.5828475229646762,0.6191485988259335,1266538238.79,29556246105.58
30-01-2022,0.6170055963442225,0.6225462652428478,0.5997708282066286,0.6031805794777961,870878595.81,28793982069.83
29-01-2022,0.612490889519255,0.623406439984285,0.6102578800488992,0.616935236495466,958847124.27,29450587008.74
28-01-2022,0.6086187907738414,0.6128606160289782,0.5933967442727921,0.6125119377355371,1318006848.35,29239432357.02
27-01-2022,0.6219448390608042,0.6235076349216369,0.591464581475435,0.6087701929228678,1586137620.15,29060812990.43
26-01-2022,0.6175441440796035,0.6525491646874645,0.6085876125350062,0.6220724954814499,2302112575.22,29695823921.47
25-01-2022,0.6121439066073472,0.6212291284237903,0.589887659282061,0.6175627139142849,1731121388.29,29480540847.05
24-01-2022,0.6287699275563453,0.6287699275563453,0.5586679656485443,0.612138748886326,2759980202.23,29221617471.4
23-01-2022,0.5961931259537564,0.63399496172722,0.5938261695556613,0.628756349166056,1851934912.68,30014890499.05
22-01-2022,0.6360062021055599,0.6517933979631713,0.5594205847698442,0.5960421594552973,3613862355.28,28453215896.1
21-01-2022,0.7196089347290647,0.7282452439686589,0.6231961020609397,0.6357382148957041,3150758603.08,30348183253.28
20-01-2022,0.7397255721821748,0.7615827742740143,0.7194019125858313,0.7194208606364083,1251475248.24,34289841109.59
19-01-2022,0.7526142240698576,0.7531553283667994,0.726485332676293,0.7397487879576174,1446126321.97,35258733500.78
18-01-2022,0.7627691314811033,0.7680489234769654,0.7394636710993812,0.7526312552035492,1510069237.48,35872752052.55
17-01-2022,0.7789993420933025,0.7801801413973566,0.7523517149384445,0.7627416066208644,1406443013.84,36354642921.48
16-01-2022,0.7813081697514365,0.783962454788394,0.7709528427532433,0.7789537639469849,1005077258.35,37127364883.24
15-01-2022,0.77430899344728,0.7888635167468776,0.7709488182627299,0.7814227206452418,1029135167.21,37245043056.78
14-01-2022,0.7683577122788915,0.7893556677672642,0.755628188525728,0.7742970288537947,1576111968.95,36905410370.69
13-01-2022,0.7994549766071192,0.800950522095196,0.7630819616925065,0.7683281409580741,1578656460.2,36584041452.36
12-01-2022,0.770607506243306,0.8060481825558071,0.7596463308100952,0.7995475557146724,1976047993.61,38070557828.23
11-01-2022,0.7393564165851635,0.7734610249983976,0.7341514720193466,0.7705540671262084,1897366203.33,36660803431.39
10-01-2022,0.7544278865582394,0.7585133062801719,0.7054793932928043,0.7393347010348876,2014043704.19,35175473469.02
09-01-2022,0.7477330587988819,0.7663210566649091,0.7415342835547512,0.7545045931925543,1182503165.68,35897214432.05
08-01-2022,0.7631056922020168,0.7750837292020212,0.7278027249346328,0.7476876442693589,1792091500.81,35572883103.28
07-01-2022,0.7812695426672468,0.7812695426672468,0.7346167320585327,0.7630740250621993,2329624598.25,36304923988.97
06-01-2022,0.7742999928228982,0.789216518044257,0.7442915156036275,0.7813463207264266,2165022786.38,37174268617.94
05-01-2022,0.824714308319222,0.8355325848115324,0.7327035913405655,0.7743578513146329,2252733063.69,36841776824.92
04-01-2022,0.8328512727441308,0.8440761011319312,0.8196148885798046,0.8246730271001652,1514079366.35,39201627718.08
03-01-2022,0.8591072786227029,0.8591072786227029,0.8240521584256587,0.8328847207941507,1428968710.05,39591978497.78
02-01-2022,0.8494420683611206,0.8635584130462685,0.8391567493086893,0.859117614769574,1134033205.41,40838984413.82
01-01-2022,0.8312811799593212,0.853198039557694,0.8307407889115027,0.8494715407767303,1156464024.18,40380448983.19
31-12-2021,0.8396814896966223,0.8529403602373655,0.8057647993439357,0.831162629243202,1736939791.21,39510117215
30-12-2021,0.8179193235980395,0.8563138716526091,0.8045000709625929,0.8396488730617828,1880399926.4,39913518999.66
29-12-2021,0.8530769342496966,0.8650494169519017,0.8137101102859975,0.8167142355821615,2050248751.32,38823298887.23
28-12-2021,0.9267564415973074,0.9267564415973074,0.8486641673154253,0.8529604162070252,2281985956.49,40546296041.7
27-12-2021,0.9208038924155446,0.9558846183745233,0.9145084525778264,0.92618449717409,1788981448.58,44027073353.12
26-12-2021,0.9256862635729477,0.9340420076337981,0.9072808936976088,0.9211802100004101,1324703098.02,43789189735.82
25-12-2021,0.9123938015946365,0.9339138258800924,0.9023149577101551,0.9248186820696246,1747049348.42,43962148014.83
24-12-2021,0.9947904859747819,0.9967253604775587,0.8990513737742093,0.9120466336315561,3864725087.11,43355016374.03
23-12-2021,0.9548241623442559,1.0165589642967523,0.9408233872570639,0.9932854500242769,4257231145.21,47216781863.91
22-12-2021,0.9481009283716499,0.9728088283870546,0.9271779936832378,0.9546987027481485,3317199426.62,45106931979.03
21-12-2021,0.8794333955350743,0.9608588215924576,0.8543700777582817,0.9476464341646752,3748952692.05,44773731359.42
20-12-2021,0.835938715945761,0.9142707245594979,0.8263760251962244,0.8798283733247816,4587029517.77,41569511380.44
19-12-2021,0.8271785283457296,0.8483337481939046,0.8213096020371161,0.8350331837757853,1576121375.25,39453059810.79
18-12-2021,0.7990073970503907,0.8346776052960836,0.7928083322125952,0.8273789355820146,1806931648.17,39091417282.49
17-12-2021,0.8059900805341766,0.828594227443332,0.7804215562340582,0.7992909491749818,2364224847.48,37764335881.16
16-12-2021,0.8277360276886132,0.8370393315208171,0.8046319339136332,0.8062298984414668,2178245899.74,38092182469.48
15-12-2021,0.8117229831812002,0.8400844440893267,0.7798139792999267,0.82743075304947,3088068967.79,39093865517.7
14-12-2021,0.7827989740448558,0.8175892171373054,0.7755896587738198,0.7962491258558733,3477802545.45,37620617955.13
13-12-2021,0.8413526816241628,0.8459352101569204,0.7644913127576639,0.7828943855092314,2509034504.01,36989642588.05
12-12-2021,0.8387451462537729,0.8568213869096303,0.8112060054611554,0.8413235680176845,1628060313.23,39750263455.57
11-12-2021,0.8020615812642671,0.8443103520006551,0.7893854736474945,0.8393128698767091,2056974460.77,39655263405.8
10-12-2021,0.8610252334857895,0.883410957627647,0.7963275380452138,0.8010973827916161,3267095313.95,37849684984.53
09-12-2021,0.8621431095823548,0.9305411166682037,0.8351285901806423,0.8612721395724603,4555815212.81,40692779515.98
08-12-2021,0.8175385909031686,0.885621542640935,0.8058975614737439,0.8633072586041923,3038966909.38,40788933386.8
07-12-2021,0.8290920785923829,0.8457670124810194,0.8071731818642568,0.8185884371081472,2720124734.87,38676090001.14
06-12-2021,0.8060473162734993,0.8318636160962471,0.7523323488292961,0.8282879906666055,3447952787.99,39134367676.94
05-12-2021,0.8467088122996064,0.8637749518035726,0.7803999395534011,0.8055949215549653,3553480780.08,38062181528.72
04-12-2021,0.9240922050914316,0.9266641694587888,0.6145046853091677,0.8470291953067601,6970805725.87,40019838915.64
03-12-2021,0.9734532569253869,0.9853202816088167,0.9059680038008984,0.9222437869873696,2714612021.98,43573524974.92
02-12-2021,0.9909150231482798,0.9909150231482798,0.959876726344205,0.9723124130313265,2250871710.75,45908803254.81
01-12-2021,0.9981898138256347,1.0182686175365088,0.9820228037763492,0.9909296247448917,2570587577.4,46787835444.72
30-11-2021,0.9914879186733307,1.030121065938034,0.9736733699542329,0.9987539217401573,2949826821.23,47100211146.6
29-11-2021,0.9698217976727854,1.0029054692062753,0.9663278744914837,0.9919607407690262,2917313727.24,46779851695.56
28-11-2021,0.947748513311578,0.9697721208416221,0.8965731680143237,0.9687512756558438,2605488238.82,45685317112.38
27-11-2021,0.9400134371922118,0.9672768807674248,0.9365614576594072,0.9471583622366552,2410404613.99,44667017449.99
26-11-2021,1.0449163201771703,1.0481365323405034,0.9254455820381833,0.9363501985108245,4293461689.48,44157315527.91
25-11-2021,1.0341068041153387,1.0646774994865975,1.0241566967454871,1.0318878289253934,3107133470.81,48662772244.55
24-11-2021,1.0671534338560085,1.074548608024025,1.011680684067289,1.0420753002690286,3151964355.91,49143202950.14
23-11-2021,1.0370944193762637,1.0717510259148466,1.0233464120262221,1.0670567357905913,3098367613.04,50321301841.37
22-11-2021,1.0601256254819202,1.069919180099547,1.0279282543856219,1.0366219718145626,2844568484.55,48886029570.33
21-11-2021,1.0967475411737972,1.0980785006164766,1.0591535960175522,1.0601730569955143,2213864918.06,49996674605.72
20-11-2021,1.091061530991113,1.101396299737047,1.064302225691639,1.0976460662681873,2575832703.44,51763863310.18
19-11-2021,1.040922510574563,1.0991929944535705,1.0205850854713385,1.0914922308644175,3716379231.11,51473654740.71
18-11-2021,1.0962808483091262,1.1583310380823615,1.0229195617568985,1.0419540622809151,5394362497.81,49137485490.9
17-11-2021,1.0901042756909767,1.1132862650047826,1.0699483670447645,1.0962907156767228,3701959224.93,51699946365.63
16-11-2021,1.1746535431121519,1.1746535431121519,1.0537176041061216,1.0909337967347803,4829173280.74,51447319559.6
15-11-2021,1.1888237873665466,1.2198826163019185,1.1703198187203845,1.1713707238264741,2850390389.06,55240642586.96
14-11-2021,1.1911954082431615,1.199936324212347,1.169415145747045,1.1885967283565175,2210065757.16,56053003302.56
13-11-2021,1.1894685753631389,1.2041241636813043,1.1687652582616859,1.1919376939514734,2889142419.42,56210559815.27
12-11-2021,1.2162479032801654,1.2338813169520169,1.1570486967275007,1.189354747853632,4230289447.99,56088750725.02
11-11-2021,1.1927985674683919,1.2532926315618031,1.178312836594302,1.2183635462305453,4904300952.87,57456775920.13
10-11-2021,1.2571854684896975,1.3476618487007666,1.1258284926695539,1.1933728810295776,7430166330.4,56186000040.88
09-11-2021,1.2825324367507003,1.2875780616090626,1.232059830546819,1.2589302742109294,5211033825.09,59272552244.73
08-11-2021,1.221030163733072,1.2963776001761538,1.221030163733072,1.282377221381555,5547697295.9,60376473907.13
07-11-2021,1.1532003416674503,1.2375817819096022,1.1481024070717563,1.2175338844113168,3384556620.17,57323540669.27
06-11-2021,1.1606339841496662,1.1733029272737747,1.1087739200492317,1.1524544554442655,2630197378.39,54259491823.57
05-11-2021,1.2019171406542906,1.2024041348272907,1.1413748112334126,1.1615327048088728,3572443865.62,54686911054.63
04-11-2021,1.2105186559973615,1.253728221991136,1.1669325129648012,1.202002503929923,5210115532.46,56592297184.32
03-11-2021,1.1359381555153378,1.2330253645849651,1.1269614659941767,1.208795870180902,6526803610.47,56912140279.91
02-11-2021,1.0925768419529027,1.1450940403521812,1.086117090801726,1.1361959054497728,3609677729,53494011976.35
01-11-2021,1.113152790978179,1.1312152925086856,1.0726574305239265,1.0928674247945191,3655823942.64,51381421184.11
31-10-2021,1.0859257162748355,1.1524499058887334,1.0727641031158885,1.1132473431667256,4607785326.87,52339587880.11
30-10-2021,1.0813781963739937,1.1142850066082215,1.0643895422026821,1.083949185300819,3261273037.79,50962128039.07
29-10-2021,1.0590470754411054,1.0901660379894416,1.05617889340793,1.0815032607309605,3549325709.34,50847132315.3
28-10-2021,0.9952387286907394,1.0819390053162345,0.984114480996732,1.0588204558022543,5528214768.08,49780694861.64
27-10-2021,1.1079413580046846,1.1251920091786292,0.9702048814608252,0.9954520841355458,6433932055.54,46801415837.96
26-10-2021,1.0951105904694574,1.1583430485887265,1.093227930365463,1.1080933392936474,3933349796.39,52097271165.58
25-10-2021,1.083307193908181,1.1038673989584213,1.0792059613675988,1.095158037370361,2595663483.21,51413671451.17
24-10-2021,1.0948760147126615,1.0965532264189488,1.0580435660928529,1.0842826968060457,2240272601.54,50903113917.36
23-10-2021,1.0898362376452333,1.1023858541982452,1.0785052778695292,1.0944972711434728,2236173912.52,51382650889.26
22-10-2021,1.0899009803870958,1.1258789968596272,1.0791151167835666,1.0883741190147442,3296407031.51,51095191252.34
21-10-2021,1.1454064714071286,1.163670083882604,1.0880849686332408,1.0893153063403513,4035726860.09,51139376561.02
20-10-2021,1.0919119951041847,1.1529840742573525,1.0885711456917047,1.1423281216521048,3394782025.04,53550188925.46
19-10-2021,1.0838923019663833,1.0999854871741765,1.0723561701421764,1.0920804144180112,2586014628.05,51194671132.94
18-10-2021,1.0948344140584079,1.1062191042616265,1.0671028203933477,1.0838420818754702,3186066187.89,50808473633.53
17-10-2021,1.1346921016516156,1.1399039673847504,1.0273646550094455,1.0934680948071502,3227519874.1,51259722973.64
16-10-2021,1.1414729274264173,1.185520009151314,1.1321191681339062,1.1350961604461802,3776545069.01,53211168217.19
15-10-2021,1.1335354893048377,1.1643300816904933,1.103971744165023,1.140550030743107,5364938374.95,53466835375.55
